{"cameraMode":{"drawMode":0,"name":"Shaded","section":"Shading Mode"},"sceneLighting":false,"audioPlay":false,"sceneViewState":{"showFog":true,"showMaterialUpdate":false,"showSkybox":true,"showFlares":true,"showImageEffects":true,"showParticleSystems":true},"in2DMode":false,"pivot":{"x":1.2810001373291016,"y":0.47326862812042239,"z":18.167999267578126},"rotation":{"x":-0.5629041790962219,"y":0.002479557180777192,"z":-0.0016887183301150799,"w":-0.8265166878700256},"size":2.1906769275665285,"orthographic":false}